Fecha,Cierre (USD),ΔY (USD)
2022-10,5.09,
2022-11,4.19,-0.9
2022-12,3.77,-0.42
2023-01,4.97,1.2
2023-02,4.5,-0.47
2023-03,4.04,-0.46
2023-04,3.92,-0.12
2023-05,4.58,0.66
2023-06,6.0,1.42
2023-07,7.37,1.37
2023-08,6.31,-1.06
2023-09,4.38,-1.93
2023-10,4.23,-0.15
2023-11,4.38,0.15
2023-12,5.53,1.15
2024-01,4.85,-0.68
2024-02,4.58,-0.26
2024-03,4.11,-0.47
2024-04,3.76,-0.35
2024-05,4.37,0.61
2024-06,4.8,0.43
2024-07,5.24,0.44
2024-08,6.27,1.03
2024-09,9.73,3.46
2024-10,10.7,0.97
2024-11,27.28,16.58
2024-12,25.47,-1.81
2025-01,29.05,3.58
2025-02,20.49,-8.56
2025-03,17.88,-2.61
2025-04,21.79,3.91
2025-05,26.79,5.0
2025-06,35.77,8.98
2025-07,45.92,10.15
2025-08,48.6,2.68
2025-09,47.91,-0.69
2025-10,62.98,15.07
2025-11,42.14,-20.84
2025-12,69.76,27.62
2026-01,80.07,10.31
2026-02,69.1,-10.97
2026-03,64.22,-4.88
2026-04,82.51,18.29
2026-05,143.48,60.97
2026-06,101.65,-41.83
2026-07,64.95,-36.7
2026-08,63.92,-1.03
2026-09,69.68,5.76
2026-10,70.46,0.78
