Fecha,Cierre (USD),ln(Y)
2022-10,5.09,1.6273
2022-11,4.19,1.4327
2022-12,3.77,1.3271
2023-01,4.97,1.6034
2023-02,4.5,1.5041
2023-03,4.04,1.3962
2023-04,3.92,1.3661
2023-05,4.58,1.5217
2023-06,6.0,1.7918
2023-07,7.37,1.9974
2023-08,6.31,1.8421
2023-09,4.38,1.477
2023-10,4.23,1.4422
2023-11,4.38,1.477
2023-12,5.53,1.7102
2024-01,4.85,1.579
2024-02,4.585,1.5228
2024-03,4.11,1.4134
2024-04,3.76,1.3244
2024-05,4.37,1.4748
2024-06,4.8,1.5686
2024-07,5.24,1.6563
2024-08,6.27,1.8358
2024-09,9.73,2.2752
2024-10,10.7,2.3702
2024-11,27.28,3.3062
2024-12,25.47,3.2375
2025-01,29.05,3.369
2025-02,20.49,3.0199
2025-03,17.88,2.8837
2025-04,21.79,3.0815
2025-05,26.79,3.288
2025-06,35.77,3.5771
2025-07,45.92,3.8269
2025-08,48.6,3.8836
2025-09,47.91,3.8693
2025-10,62.98,4.1428
2025-11,42.14,3.741
2025-12,69.76,4.2451
2026-01,80.07,4.3829
2026-02,69.1,4.2356
2026-03,64.22,4.1623
2026-04,82.51,4.4129
2026-05,143.48,4.9662
2026-06,101.65,4.6215
2026-07,64.95,4.1736
2026-08,63.92,4.1576
2026-09,69.68,4.2439
2026-10,70.46,4.255
