Fecha,Cierre (USD),ΔY (USD),Cambio simple (%)
2022-10,5.09,,
2022-11,4.19,-0.9,-17.682
2022-12,3.77,-0.42,-10.024
2023-01,4.97,1.2,31.83
2023-02,4.5,-0.47,-9.457
2023-03,4.04,-0.46,-10.222
2023-04,3.92,-0.12,-2.97
2023-05,4.58,0.66,16.837
2023-06,6.0,1.42,31.004
2023-07,7.37,1.37,22.833
2023-08,6.31,-1.06,-14.383
2023-09,4.38,-1.93,-30.586
2023-10,4.23,-0.15,-3.425
2023-11,4.38,0.15,3.546
2023-12,5.53,1.15,26.256
2024-01,4.85,-0.68,-12.297
2024-02,4.585,-0.265,-5.464
2024-03,4.11,-0.475,-10.36
2024-04,3.76,-0.35,-8.516
2024-05,4.37,0.61,16.223
2024-06,4.8,0.43,9.84
2024-07,5.24,0.44,9.167
2024-08,6.27,1.03,19.656
2024-09,9.73,3.46,55.183
2024-10,10.7,0.97,9.969
2024-11,27.28,16.58,154.953
2024-12,25.47,-1.81,-6.635
2025-01,29.05,3.58,14.056
2025-02,20.49,-8.56,-29.466
2025-03,17.88,-2.61,-12.738
2025-04,21.79,3.91,21.868
2025-05,26.79,5.0,22.946
2025-06,35.77,8.98,33.52
2025-07,45.92,10.15,28.376
2025-08,48.6,2.68,5.836
2025-09,47.91,-0.69,-1.42
2025-10,62.98,15.07,31.455
2025-11,42.14,-20.84,-33.09
2025-12,69.76,27.62,65.543
2026-01,80.07,10.31,14.779
2026-02,69.1,-10.97,-13.701
2026-03,64.22,-4.88,-7.062
2026-04,82.51,18.29,28.48
2026-05,143.48,60.97,73.894
2026-06,101.65,-41.83,-29.154
2026-07,64.95,-36.7,-36.104
2026-08,63.92,-1.03,-1.586
2026-09,69.68,5.76,9.011
2026-10,70.46,0.78,1.119
