Fecha,Cierre (USD),Cambio simple (%),Cambio log (%)
2022-10,5.09,,
2022-11,4.19,-17.682,-19.458
2022-12,3.77,-10.024,-10.563
2023-01,4.97,31.83,27.634
2023-02,4.5,-9.457,-9.934
2023-03,4.04,-10.222,-10.783
2023-04,3.92,-2.97,-3.015
2023-05,4.58,16.837,15.561
2023-06,6.0,31.004,27.006
2023-07,7.37,22.833,20.566
2023-08,6.31,-14.383,-15.528
2023-09,4.38,-30.586,-36.509
2023-10,4.23,-3.425,-3.485
2023-11,4.38,3.546,3.485
2023-12,5.53,26.256,23.314
2024-01,4.85,-12.297,-13.121
2024-02,4.585,-5.464,-5.619
2024-03,4.11,-10.36,-10.937
2024-04,3.76,-8.516,-8.9
2024-05,4.37,16.223,15.034
2024-06,4.8,9.84,9.385
2024-07,5.24,9.167,8.771
2024-08,6.27,19.656,17.945
2024-09,9.73,55.183,43.944
2024-10,10.7,9.969,9.503
2024-11,27.28,154.953,93.591
2024-12,25.47,-6.635,-6.865
2025-01,29.05,14.056,13.152
2025-02,20.49,-29.466,-34.908
2025-03,17.88,-12.738,-13.625
2025-04,21.79,21.868,19.777
2025-05,26.79,22.946,20.658
2025-06,35.77,33.52,28.908
2025-07,45.92,28.376,24.979
2025-08,48.6,5.836,5.672
2025-09,47.91,-1.42,-1.43
2025-10,62.98,31.455,27.349
2025-11,42.14,-33.09,-40.182
2025-12,69.76,65.543,50.406
2026-01,80.07,14.779,13.784
2026-02,69.1,-13.701,-14.735
2026-03,64.22,-7.062,-7.324
2026-04,82.51,28.48,25.06
2026-05,143.48,73.894,55.328
2026-06,101.65,-29.154,-34.466
2026-07,64.95,-36.104,-44.792
2026-08,63.92,-1.586,-1.599
2026-09,69.68,9.011,8.628
2026-10,70.46,1.119,1.113
