Fecha,Nivel (USD),1ª diferencia (USD),ln(Y),Cambio simple (%),Cambio log (%)
2022-10,5.09,,1.6273,,
2022-11,4.19,-0.9,1.4327,-17.6817,-19.4577
2022-12,3.77,-0.42,1.3271,-10.0239,-10.5626
2023-01,4.97,1.2,1.6034,31.8302,27.6345
2023-02,4.5,-0.47,1.5041,-9.4567,-9.9342
2023-03,4.04,-0.46,1.3962,-10.2222,-10.7833
2023-04,3.92,-0.12,1.3661,-2.9703,-3.0153
2023-05,4.58,0.66,1.5217,16.8367,15.5607
2023-06,6.0,1.42,1.7918,31.0044,27.006
2023-07,7.37,1.37,1.9974,22.8333,20.5658
2023-08,6.31,-1.06,1.8421,-14.3826,-15.5282
2023-09,4.38,-1.93,1.477,-30.5864,-36.5087
2023-10,4.23,-0.15,1.4422,-3.4247,-3.4847
2023-11,4.38,0.15,1.477,3.5461,3.4847
2023-12,5.53,1.15,1.7102,26.2557,23.3139
2024-01,4.85,-0.68,1.579,-12.2966,-13.1209
2024-02,4.585,-0.265,1.5228,-5.4639,-5.6189
2024-03,4.11,-0.475,1.4134,-10.3599,-10.9367
2024-04,3.76,-0.35,1.3244,-8.5158,-8.9004
2024-05,4.37,0.61,1.4748,16.2234,15.0344
2024-06,4.8,0.43,1.5686,9.8398,9.3853
2024-07,5.24,0.44,1.6563,9.1667,8.7706
2024-08,6.27,1.03,1.8358,19.6565,17.9455
2024-09,9.73,3.46,2.2752,55.1834,43.9438
2024-10,10.7,0.97,2.3702,9.9692,9.503
2024-11,27.28,16.58,3.3062,154.9533,93.591
2024-12,25.47,-1.81,3.2375,-6.6349,-6.8653
2025-01,29.05,3.58,3.369,14.0558,13.1517
2025-02,20.49,-8.56,3.0199,-29.4664,-34.9082
2025-03,17.88,-2.61,2.8837,-12.7379,-13.6254
2025-04,21.79,3.91,3.0815,21.868,19.7768
2025-05,26.79,5.0,3.288,22.9463,20.6578
2025-06,35.77,8.98,3.5771,33.52,28.9081
2025-07,45.92,10.15,3.8269,28.3757,24.9791
2025-08,48.6,2.68,3.8836,5.8362,5.6723
2025-09,47.91,-0.69,3.8693,-1.4198,-1.4299
2025-10,62.98,15.07,4.1428,31.4548,27.3493
2025-11,42.14,-20.84,3.741,-33.0899,-40.182
2025-12,69.76,27.62,4.2451,65.5434,50.4063
2026-01,80.07,10.31,4.3829,14.7792,13.784
2026-02,69.1,-10.97,4.2356,-13.7005,-14.7347
2026-03,64.22,-4.88,4.1623,-7.0622,-7.324
2026-04,82.51,18.29,4.4129,28.4802,25.0605
2026-05,143.48,60.97,4.9662,73.8941,55.3276
2026-06,101.65,-41.83,4.6215,-29.1539,-34.466
2026-07,64.95,-36.7,4.1736,-36.1043,-44.7918
2026-08,63.92,-1.03,4.1576,-1.5858,-1.5985
2026-09,69.68,5.76,4.2439,9.0113,8.6281
2026-10,70.46,0.78,4.255,1.1194,1.1132
