Mes,Y_t,Lag 1 (Y_t-1),Lag 2 (Y_t-2),Lag 3 (Y_t-3)
2022-10,5.09,,,
2022-11,4.19,5.09,,
2022-12,3.77,4.19,5.09,
2023-01,4.97,3.77,4.19,5.09
2023-02,4.5,4.97,3.77,4.19
2023-03,4.04,4.5,4.97,3.77
2023-04,3.92,4.04,4.5,4.97
2023-05,4.58,3.92,4.04,4.5
2023-06,6.0,4.58,3.92,4.04
2023-07,7.37,6.0,4.58,3.92
2023-08,6.31,7.37,6.0,4.58
2023-09,4.38,6.31,7.37,6.0
2023-10,4.23,4.38,6.31,7.37
2023-11,4.38,4.23,4.38,6.31
2023-12,5.53,4.38,4.23,4.38
2024-01,4.85,5.53,4.38,4.23
2024-02,4.585,4.85,5.53,4.38
2024-03,4.11,4.585,4.85,5.53
2024-04,3.76,4.11,4.585,4.85
2024-05,4.37,3.76,4.11,4.585
2024-06,4.8,4.37,3.76,4.11
2024-07,5.24,4.8,4.37,3.76
2024-08,6.27,5.24,4.8,4.37
2024-09,9.73,6.27,5.24,4.8
2024-10,10.7,9.73,6.27,5.24
2024-11,27.28,10.7,9.73,6.27
2024-12,25.47,27.28,10.7,9.73
2025-01,29.05,25.47,27.28,10.7
2025-02,20.49,29.05,25.47,27.28
2025-03,17.88,20.49,29.05,25.47
2025-04,21.79,17.88,20.49,29.05
2025-05,26.79,21.79,17.88,20.49
2025-06,35.77,26.79,21.79,17.88
2025-07,45.92,35.77,26.79,21.79
2025-08,48.6,45.92,35.77,26.79
2025-09,47.91,48.6,45.92,35.77
2025-10,62.98,47.91,48.6,45.92
2025-11,42.14,62.98,47.91,48.6
2025-12,69.76,42.14,62.98,47.91
2026-01,80.07,69.76,42.14,62.98
2026-02,69.1,80.07,69.76,42.14
2026-03,64.22,69.1,80.07,69.76
2026-04,82.51,64.22,69.1,80.07
2026-05,143.48,82.51,64.22,69.1
2026-06,101.65,143.48,82.51,64.22
2026-07,64.95,101.65,143.48,82.51
2026-08,63.92,64.95,101.65,143.48
2026-09,69.68,63.92,64.95,101.65
2026-10,70.46,69.68,63.92,64.95
