Rezago,ACF,Banda inf.,Banda sup.,Fuera de bandas
0,1.0,0.0,0.0,False
1,0.034,-0.283,0.283,False
2,-0.051,-0.283,0.283,False
3,-0.2,-0.284,0.284,False
4,-0.01,-0.295,0.295,False
5,0.082,-0.295,0.295,False
6,-0.033,-0.297,0.297,False
7,0.007,-0.297,0.297,False
8,-0.009,-0.297,0.297,False
9,0.033,-0.297,0.297,False
10,-0.06,-0.297,0.297,False
11,0.229,-0.298,0.298,False
12,-0.192,-0.312,0.312,False
13,0.087,-0.321,0.321,False
14,-0.222,-0.323,0.323,False
15,-0.129,-0.335,0.335,False
16,0.134,-0.339,0.339,False
17,0.166,-0.343,0.343,False
18,0.15,-0.35,0.35,False
19,-0.105,-0.355,0.355,False
20,-0.166,-0.357,0.357,False
