Rezago,ACF nivel,ACF cambio log,PACF nivel,PACF cambio log
1,0.885,0.034,0.885,0.034
2,0.779,-0.051,-0.017,-0.052
3,0.748,-0.2,0.287,-0.197
4,0.739,-0.01,0.111,-0.0
5,0.662,0.082,-0.217,0.066
6,0.523,-0.033,-0.334,-0.08
7,0.474,0.007,0.227,0.014
8,0.424,-0.009,-0.237,0.017
9,0.366,0.033,0.133,0.012
10,0.295,-0.06,0.049,-0.066
11,0.229,0.229,-0.096,0.26
12,0.173,-0.192,-0.167,-0.239
13,0.112,0.087,0.112,0.132
14,0.06,-0.222,-0.2,-0.206
15,0.018,-0.129,0.14,-0.166
16,-0.011,0.134,0.085,0.166
17,-0.045,0.166,-0.059,0.135
18,-0.08,0.15,-0.073,0.032
19,-0.131,-0.105,-0.101,-0.001
20,-0.167,-0.166,-0.151,-0.144
