Rezago,PACF,Banda inf.,Banda sup.,Fuera de bandas
0,1.0,0.0,0.0,False
1,0.034,-0.283,0.283,False
2,-0.052,-0.283,0.283,False
3,-0.197,-0.283,0.283,False
4,-0.0,-0.283,0.283,False
5,0.066,-0.283,0.283,False
6,-0.08,-0.283,0.283,False
7,0.014,-0.283,0.283,False
8,0.017,-0.283,0.283,False
9,0.012,-0.283,0.283,False
10,-0.066,-0.283,0.283,False
11,0.26,-0.283,0.283,False
12,-0.239,-0.283,0.283,False
13,0.132,-0.283,0.283,False
14,-0.206,-0.283,0.283,False
15,-0.166,-0.283,0.283,False
16,0.166,-0.283,0.283,False
17,0.135,-0.283,0.283,False
18,0.032,-0.283,0.283,False
19,-0.001,-0.283,0.283,False
20,-0.144,-0.283,0.283,False
