"Fecha","Cierre","Apertura","Máximo","Mínimo","Vol.","% var."
"01.10.2026","70.460","72.310","72.640","69.424","23.31M","1.12%"
"01.09.2026","69.680","62.240","75.460","60.510","425.69M","9.01%"
"01.08.2026","63.920","63.340","86.830","62.170","374.16M","-1.59%"
"01.07.2026","64.950","101.195","107.600","58.200","423.37M","-36.10%"
"01.06.2026","101.650","132.380","135.630","80.000","634.08M","-29.15%"
"01.05.2026","143.480","83.530","151.000","76.250","603.74M","73.89%"
"01.04.2026","82.510","65.500","93.100","61.860","493.27M","28.48%"
"01.03.2026","64.220","66.680","78.670","56.132","494.63M","-7.06%"
"01.02.2026","69.100","79.160","81.350","63.870","333.22M","-13.70%"
"01.01.2026","80.070","70.630","99.580","66.850","532.54M","14.78%"
"01.12.2025","69.760","41.150","79.830","39.980","576.79M","65.54%"
"01.11.2025","42.140","63.030","63.100","37.570","351.50M","-33.09%"
"01.10.2025","62.980","47.380","73.970","47.120","555.79M","31.45%"
"01.09.2025","47.910","46.750","55.170","42.390","476.37M","-1.42%"
"01.08.2025","48.600","43.195","50.920","38.260","427.77M","5.84%"
"01.07.2025","45.920","37.015","53.440","33.730","489.30M","28.38%"
"01.06.2025","35.770","26.500","37.950","25.240","552.87M","33.52%"
"01.05.2025","26.790","22.365","30.780","20.232","376.95M","22.95%"
"01.04.2025","21.790","17.690","23.770","14.710","339.65M","21.87%"
"01.03.2025","17.880","21.240","21.450","16.050","337.17M","-12.74%"
"01.02.2025","20.490","27.190","31.080","16.170","388.40M","-29.47%"
"01.01.2025","29.050","25.430","33.340","23.420","407.91M","14.06%"
"01.12.2024","25.470","27.975","28.800","21.870","404.47M","-6.63%"
"01.11.2024","27.280","10.900","28.050","10.850","600.43M","154.95%"
"01.10.2024","10.700","9.660","12.085","8.800","282.66M","9.97%"
"01.09.2024","9.730","6.200","10.290","5.740","283.59M","55.18%"
"01.08.2024","6.270","5.240","7.360","4.200","375.55M","19.66%"
"01.07.2024","5.240","4.780","5.840","4.490","127.42M","9.17%"
"01.06.2024","4.800","4.400","5.160","4.195","154.52M","9.84%"
"01.05.2024","4.370","3.760","4.640","3.655","178.86M","16.22%"
"01.04.2024","3.760","4.130","4.140","3.470","155.01M","-8.52%"
"01.03.2024","4.110","4.630","4.725","3.950","151.71M","-10.36%"
"01.02.2024","4.585","4.190","5.100","3.890","272.44M","-5.46%"
"01.01.2024","4.850","5.450","5.670","4.690","108.26M","-12.30%"
"01.12.2023","5.530","4.400","6.140","4.340","176.94M","26.26%"
"01.11.2023","4.380","4.210","4.810","4.120","93.99M","3.55%"
"01.10.2023","4.230","4.400","5.070","4.000","66.88M","-3.42%"
"01.09.2023","4.380","6.380","6.595","4.170","106.73M","-30.59%"
"01.08.2023","6.310","7.260","7.490","5.360","77.63M","-14.38%"
"01.07.2023","7.370","6.030","8.050","5.530","115.59M","22.83%"
"01.06.2023","6.000","4.620","6.140","4.525","96.02M","31.00%"
"01.05.2023","4.580","3.920","5.015","3.755","88.53M","16.84%"
"01.04.2023","3.920","4.050","4.210","3.620","49.83M","-2.97%"
"01.03.2023","4.040","4.450","4.600","3.690","77.67M","-10.22%"
"01.02.2023","4.500","4.900","5.470","4.380","75.90M","-9.46%"
"01.01.2023","4.970","3.850","5.680","3.775","73.09M","31.83%"
"01.12.2022","3.770","4.280","4.500","3.480","69.95M","-10.02%"
"01.11.2022","4.190","5.250","5.760","3.880","73.76M","-17.68%"
"01.10.2022","5.090","4.140","5.230","3.770","58.09M","25.06%"