Fecha,Cierre,Apertura,Máximo,Mínimo,Vol_M,Var_pct_fuente
2022-10-01,5.09,4.14,5.23,3.77,58.09,25.06
2022-11-01,4.19,5.25,5.76,3.88,73.76,-17.68
2022-12-01,3.77,4.28,4.5,3.48,69.95,-10.02
2023-01-01,4.97,3.85,5.68,3.775,73.09,31.83
2023-02-01,4.5,4.9,5.47,4.38,75.9,-9.46
2023-03-01,4.04,4.45,4.6,3.69,77.67,-10.22
2023-04-01,3.92,4.05,4.21,3.62,49.83,-2.97
2023-05-01,4.58,3.92,5.015,3.755,88.53,16.84
2023-06-01,6.0,4.62,6.14,4.525,96.02,31.0
2023-07-01,7.37,6.03,8.05,5.53,115.59,22.83
2023-08-01,6.31,7.26,7.49,5.36,77.63,-14.38
2023-09-01,4.38,6.38,6.595,4.17,106.73,-30.59
2023-10-01,4.23,4.4,5.07,4.0,66.88,-3.42
2023-11-01,4.38,4.21,4.81,4.12,93.99,3.55
2023-12-01,5.53,4.4,6.14,4.34,176.94,26.26
2024-01-01,4.85,5.45,5.67,4.69,108.26,-12.3
2024-02-01,4.585,4.19,5.1,3.89,272.44,-5.46
2024-03-01,4.11,4.63,4.725,3.95,151.71,-10.36
2024-04-01,3.76,4.13,4.14,3.47,155.01,-8.52
2024-05-01,4.37,3.76,4.64,3.655,178.86,16.22
2024-06-01,4.8,4.4,5.16,4.195,154.52,9.84
2024-07-01,5.24,4.78,5.84,4.49,127.42,9.17
2024-08-01,6.27,5.24,7.36,4.2,375.55,19.66
2024-09-01,9.73,6.2,10.29,5.74,283.59,55.18
2024-10-01,10.7,9.66,12.085,8.8,282.66,9.97
2024-11-01,27.28,10.9,28.05,10.85,600.43,154.95
2024-12-01,25.47,27.975,28.8,21.87,404.47,-6.63
2025-01-01,29.05,25.43,33.34,23.42,407.91,14.06
2025-02-01,20.49,27.19,31.08,16.17,388.4,-29.47
2025-03-01,17.88,21.24,21.45,16.05,337.17,-12.74
2025-04-01,21.79,17.69,23.77,14.71,339.65,21.87
2025-05-01,26.79,22.365,30.78,20.232,376.95,22.95
2025-06-01,35.77,26.5,37.95,25.24,552.87,33.52
2025-07-01,45.92,37.015,53.44,33.73,489.3,28.38
2025-08-01,48.6,43.195,50.92,38.26,427.77,5.84
2025-09-01,47.91,46.75,55.17,42.39,476.37,-1.42
2025-10-01,62.98,47.38,73.97,47.12,555.79,31.45
2025-11-01,42.14,63.03,63.1,37.57,351.5,-33.09
2025-12-01,69.76,41.15,79.83,39.98,576.79,65.54
2026-01-01,80.07,70.63,99.58,66.85,532.54,14.78
2026-02-01,69.1,79.16,81.35,63.87,333.22,-13.7
2026-03-01,64.22,66.68,78.67,56.132,494.63,-7.06
2026-04-01,82.51,65.5,93.1,61.86,493.27,28.48
2026-05-01,143.48,83.53,151.0,76.25,603.74,73.89
2026-06-01,101.65,132.38,135.63,80.0,634.08,-29.15
2026-07-01,64.95,101.195,107.6,58.2,423.37,-36.1
2026-08-01,63.92,63.34,86.83,62.17,374.16,-1.59
2026-09-01,69.68,62.24,75.46,60.51,425.69,9.01
2026-10-01,70.46,72.31,72.64,69.424,23.31,1.12
